Date,Ensemble_Forecast,Signal
2026-03-09,4599.873988525409,🟢 BUY
2026-03-10,4246.223587386636,🔴 SELL
2026-03-11,3984.0979618795755,🔴 SELL
2026-03-12,3836.81543169332,🔴 SELL
2026-03-13,3733.102680441578,🔴 SELL
2026-03-14,3668.1443082568426,🔴 SELL
2026-03-15,3648.547712126964,🔴 SELL
2026-03-16,3641.9375132675573,🔴 SELL
2026-03-17,3641.449825954142,🔴 SELL
2026-03-18,3624.8025647387462,🔴 SELL
2026-03-19,3631.7561692585596,🟢 BUY
2026-03-20,3635.585558096719,🟢 BUY
2026-03-21,3648.4639053482433,🟢 BUY
2026-03-22,3649.7468099939347,🟢 BUY
2026-03-23,3660.7955312024933,🟢 BUY
2026-03-24,3666.823089473187,🟢 BUY
2026-03-25,3662.2289797066287,🔴 SELL
2026-03-26,3670.017507393362,🟢 BUY
2026-03-27,3673.7375363193505,🟢 BUY
2026-03-28,3686.122337066589,🟢 BUY
2026-03-29,3686.495255416902,🟢 BUY
2026-03-30,3696.5644219598084,🟢 BUY
2026-03-31,3701.5695996701993,🟢 BUY
2026-04-01,3695.9200319061456,🔴 SELL
2026-04-02,3702.6408769541013,🟢 BUY
2026-04-03,3705.2921526388322,🟢 BUY
2026-04-04,3716.624321242106,🟢 BUY
2026-04-05,3715.971788942149,🔴 SELL
2026-04-06,3725.057620428298,🟢 BUY
2026-04-07,3729.133262984363,🟢 BUY
2026-04-08,3722.6192008693324,🔴 SELL
2026-04-09,3728.549940287653,🟢 BUY
2026-04-10,3730.4937006301648,🟢 BUY
2026-04-11,3741.2071685318892,🟢 BUY
2026-04-12,3740.029438179065,🔴 SELL
2026-04-13,3748.6862264722126,🟢 BUY
2026-04-14,3752.4298943817557,🟢 BUY
2026-04-15,3745.67999926708,🔴 SELL
2026-04-16,3751.4684042471536,🟢 BUY
2026-04-17,3753.359033428443,🟢 BUY
2026-04-18,3764.1027938557527,🟢 BUY
2026-04-19,3763.031658635361,🔴 SELL
2026-04-20,3771.863093917069,🟢 BUY
2026-04-21,3775.8402801188386,🟢 BUY
2026-04-22,3769.372900374104,🔴 SELL
2026-04-23,3775.482489629848,🟢 BUY
2026-04-24,3777.722440602379,🟢 BUY
2026-04-25,3788.8331747521415,🟢 BUY
2026-04-26,3788.1364729201887,🔴 SELL
2026-04-27,3797.340138693835,🟢 BUY
2026-04-28,3801.6784431534497,🟢 BUY
2026-04-29,3795.553116800097,🔴 SELL
2026-04-30,3801.9788788478463,🟢 BUY
2026-05-01,3804.5035955324843,🟢 BUY
2026-05-02,3815.863572481593,🟢 BUY
2026-05-03,3815.377972732878,🔴 SELL
2026-05-04,3824.7535315467185,🟢 BUY
2026-05-05,3829.2250151531043,🟢 BUY
2026-05-06,3823.196188762477,🔴 SELL
2026-05-07,3829.6852842099643,🟢 BUY
2026-05-08,3832.245059969081,🟢 BUY
2026-05-09,3843.6179604373115,🟢 BUY
2026-05-10,3843.1303687492414,🔴 SELL
2026-05-11,3852.497127656928,🟢 BUY
2026-05-12,3856.9617797117558,🟢 BUY
2026-05-13,3850.937296771742,🔴 SELL
2026-05-14,3857.4512944271364,🟢 BUY
2026-05-15,3860.0658297211603,🟢 BUY
2026-05-16,3871.5322950174595,🟢 BUY
2026-05-17,3871.185408401869,🔴 SELL
2026-05-18,3880.7474813454673,🟢 BUY
2026-05-19,3885.4684209688794,🟢 BUY
2026-05-20,3879.766242821811,🔴 SELL
2026-05-21,3886.6720953080776,🟢 BUY
2026-05-22,3889.7498991884568,🟢 BUY
2026-05-23,3901.751119460857,🟢 BUY
2026-05-24,3902.0086737338124,🟢 BUY
2026-05-25,3912.2411607267773,🟢 BUY
2026-05-26,3917.6928682375196,🟢 BUY
2026-05-27,3912.774337516461,🔴 SELL
2026-05-28,3920.507485183739,🟢 BUY
2026-05-29,3924.4453850787913,🟢 BUY
2026-05-30,3937.327225250884,🟢 BUY
2026-05-31,3938.4724410861536,🟢 BUY
2026-06-01,3949.5852041008884,🟢 BUY
2026-06-02,3955.894720722089,🟢 BUY
2026-06-03,3951.7961121520507,🔴 SELL
2026-06-04,3960.29586989765,🟢 BUY
2026-06-05,3964.9319822195152,🟢 BUY
2026-06-06,3978.4292391430126,🟢 BUY
2026-06-07,3980.0937091910914,🟢 BUY
2026-06-08,3991.617559436655,🟢 BUY
2026-06-09,3998.2196653460546,🟢 BUY
2026-06-10,3994.2867739255876,🔴 SELL
2026-06-11,4002.8192076119876,🟢 BUY
2026-06-12,4007.3511976418763,🟢 BUY
2026-06-13,4020.6063488056825,🟢 BUY
2026-06-14,4021.8922239442736,🟢 BUY
2026-06-15,4032.905216050068,🟢 BUY
2026-06-16,4038.871151885218,🟢 BUY
2026-06-17,4034.1863893322015,🔴 SELL
2026-06-18,4041.863395941491,🟢 BUY
2026-06-19,4045.4508987838562,🟢 BUY
2026-06-20,4057.6891102328495,🟢 BUY
2026-06-21,4057.904022068028,🟢 BUY
2026-06-22,4067.811941041563,🟢 BUY
2026-06-23,4072.6597162535727,🟢 BUY
2026-06-24,4066.8654280121673,🔴 SELL
2026-06-25,4073.4635339793363,🟢 BUY
2026-06-26,4076.024571748875,🟢 BUY
2026-06-27,4087.3099320269625,🟢 BUY
2026-06-28,4086.6657046480714,🔴 SELL
2026-06-29,4095.82678048643,🟢 BUY
2026-06-30,4100.056669375063,🟢 BUY
2026-07-01,4093.7878130960717,🔴 SELL
2026-07-02,4100.066398030668,🟢 BUY
2026-07-03,4102.471774589287,🟢 BUY
2026-07-04,4113.771004557442,🟢 BUY
2026-07-05,4113.312544370204,🔴 SELL
2026-07-06,4122.830251820139,🟢 BUY
2026-07-07,4127.58317929862,🟢 BUY
2026-07-08,4121.995934076354,🔴 SELL
2026-07-09,4129.103610054333,🟢 BUY
2026-07-10,4132.471396332575,🟢 BUY
2026-07-11,4144.849380363994,🟢 BUY
2026-07-12,4145.5665488028835,🟢 BUY
2026-07-13,4156.335167209313,🟢 BUY
2026-07-14,4162.390994057506,🟢 BUY
2026-07-15,4158.1341007575165,🔴 SELL
2026-07-16,4166.5742923721455,🟢 BUY
2026-07-17,4171.251223891744,🟢 BUY
2026-07-18,4184.889718850449,🟢 BUY
2026-07-19,4186.794282160527,🟢 BUY
2026-07-20,4198.653977103291,🟢 BUY
2026-07-21,4205.6831109718005,🟢 BUY
2026-07-22,4202.262490647743,🔴 SELL
2026-07-23,4211.385233139347,🟢 BUY
2026-07-24,4216.577217287066,🟢 BUY
2026-07-25,4230.552675971738,🟢 BUY
2026-07-26,4232.608914637222,🟢 BUY
2026-07-27,4244.4313215329175,🟢 BUY
2026-07-28,4251.234111280506,🟢 BUY
2026-07-29,4247.401561869943,🔴 SELL
2026-07-30,4255.933730679257,🟢 BUY
2026-07-31,4260.366738027316,🟢 BUY
2026-08-01,4273.428121577875,🟢 BUY
2026-08-02,4274.431252980372,🟢 BUY
2026-08-03,4285.07998918382,🟢 BUY
2026-08-04,4290.6090083501895,🟢 BUY
2026-08-05,4285.424599887849,🔴 SELL
2026-08-06,4292.549904483597,🟢 BUY
2026-08-07,4295.544703549686,🟢 BUY
2026-08-08,4307.160272673919,🟢 BUY
2026-08-09,4306.733301821379,🔴 SELL
2026-08-10,4315.9900659095265,🟢 BUY
2026-08-11,4320.186306424147,🟢 BUY
2026-08-12,4313.74760363914,🔴 SELL
2026-08-13,4319.714244424462,🟢 BUY
2026-08-14,4321.660693015022,🟢 BUY
2026-08-15,4332.350185950667,🟢 BUY
2026-08-16,4331.128459072493,🔴 SELL
2026-08-17,4339.72779373504,🟢 BUY
2026-08-18,4343.406844766944,🟢 BUY
2026-08-19,4336.591029903563,🔴 SELL
2026-08-20,4342.317484142544,🟢 BUY
2026-08-21,4344.154683220486,🟢 BUY
2026-08-22,4354.857252698472,🟢 BUY
2026-08-23,4353.759964402719,🔴 SELL
2026-08-24,4362.582099990704,🟢 BUY
2026-08-25,4366.567635732123,🟢 BUY
2026-08-26,4360.126018951826,🔴 SELL
2026-08-27,4366.277529717962,🟢 BUY
2026-08-28,4368.5733217665365,🟢 BUY
2026-08-29,4379.750648865666,🟢 BUY
2026-08-30,4379.127268262401,🔴 SELL
2026-08-31,4388.406191313492,🟢 BUY
2026-09-01,4392.8162263942795,🟢 BUY
2026-09-02,4386.753076430734,🔴 SELL
2026-09-03,4393.224977623676,🟢 BUY
2026-09-04,4395.772967593969,🟢 BUY
2026-09-05,4407.1262847717935,🟢 BUY
2026-09-06,4406.596887767248,🔴 SELL
2026-09-07,4415.884263446194,🟢 BUY
2026-09-08,4420.215968967854,🟢 BUY
2026-09-09,4413.988671804154,🔴 SELL
2026-09-10,4420.21367742821,🟢 BUY
2026-09-11,4422.437037358382,🟢 BUY
2026-09-12,4433.394745036758,🟢 BUY
2026-09-13,4432.407014963744,🔴 SELL
2026-09-14,4441.182821329034,🟢 BUY
2026-09-15,4444.960149528025,🟢 BUY
2026-09-16,4438.146733101668,🔴 SELL
2026-09-17,4443.765274452302,🟢 BUY
2026-09-18,4445.373250594639,🟢 BUY
2026-09-19,4455.7178196662335,🟢 BUY
2026-09-20,4454.129831314775,🔴 SELL
2026-09-21,4462.328124142104,🟢 BUY
2026-09-22,4465.559569595772,🟢 BUY
2026-09-23,4458.239639754796,🔴 SELL
2026-09-24,4463.397501055212,🟢 BUY
2026-09-25,4464.595737604465,🟢 BUY
2026-09-26,4474.585220845047,🟢 BUY
2026-09-27,4472.699128355191,🔴 SELL
2026-09-28,4480.657293298185,🟢 BUY
2026-09-29,4483.706340967988,🟢 BUY
2026-09-30,4476.260385759818,🔴 SELL
2026-10-01,4481.346285451104,🟢 BUY
2026-10-02,4482.523550400492,🟢 BUY
2026-10-03,4492.539417688287,🟢 BUY
2026-10-04,4490.723085757861,🔴 SELL
2026-10-05,4498.790283567105,🟢 BUY
2026-10-06,4501.983623145154,🟢 BUY
2026-10-07,4494.713501505498,🔴 SELL
2026-10-08,4500.003541816846,🟢 BUY
2026-10-09,4501.410665056038,🟢 BUY
2026-10-10,4511.6802965732295,🟢 BUY
2026-10-11,4510.1406984910545,🔴 SELL
2026-10-12,4518.507598404202,🟢 BUY
2026-10-13,4522.024560932674,🟢 BUY
2026-10-14,4515.103867011398,🔴 SELL
2026-10-15,4520.771891058131,🟢 BUY
2026-10-16,4522.589068791144,🟢 BUY
2026-10-17,4533.304962940855,🟢 BUY
2026-10-18,4532.252421781963,🔴 SELL
2026-10-19,4541.152006036731,🟢 BUY
2026-10-20,4545.25213672474,🟢 BUY
2026-10-21,4538.969735631532,🔴 SELL
2026-10-22,4545.335355903522,🟢 BUY
2026-10-23,4547.912903271528,🟢 BUY
2026-10-24,4559.454463022503,🟢 BUY
2026-10-25,4559.29423543886,🔴 SELL
2026-10-26,4569.152762740365,🟢 BUY
2026-10-27,4574.276907061159,🟢 BUY
2026-10-28,4569.08035735928,🔴 SELL
2026-10-29,4576.588668071735,🟢 BUY
2026-10-30,4580.358934242911,🟢 BUY
2026-10-31,4593.134621256999,🟢 BUY
2026-11-01,4594.239553591027,🟢 BUY
2026-11-02,4605.38224594159,🟢 BUY
2026-11-03,4611.796035170014,🟢 BUY
2026-11-04,4607.8797884805845,🔴 SELL
2026-11-05,4616.643186817311,🟢 BUY
2026-11-06,4621.626683121139,🟢 BUY
2026-11-07,4635.556647356068,🟢 BUY
2026-11-08,4637.739695516064,🟢 BUY
2026-11-09,4649.867377959648,🟢 BUY
2026-11-10,4657.156676914227,🟢 BUY
2026-11-11,4653.991079587266,🔴 SELL
2026-11-12,4663.366216751341,🟢 BUY
2026-11-13,4668.81015742438,🟢 BUY
2026-11-14,4683.03886286988,🟢 BUY
2026-11-15,4685.350789011618,🟢 BUY
2026-11-16,4697.431805277311,🟢 BUY
2026-11-17,4704.495873362759,🟢 BUY
2026-11-18,4700.926247158571,🔴 SELL
2026-11-19,4709.721179810175,🟢 BUY
2026-11-20,4714.41422604604,🟢 BUY
2026-11-21,4727.729641995533,🟢 BUY
2026-11-22,4728.976872107088,🟢 BUY
2026-11-23,4739.855293212806,🟢 BUY
2026-11-24,4745.594662735185,🟢 BUY
2026-11-25,4740.5960371730325,🔴 SELL
2026-11-26,4747.877153006479,🟢 BUY
2026-11-27,4750.992365447196,🟢 BUY
2026-11-28,4762.687655489278,🟢 BUY
2026-11-29,4762.294703843858,🔴 SELL
2026-11-30,4771.535211289476,🟢 BUY
2026-12-01,4775.660922196792,🟢 BUY
2026-12-02,4769.094127159912,🔴 SELL
2026-12-03,4774.8726464557785,🟢 BUY
2026-12-04,4776.569398886475,🟢 BUY
2026-12-05,4786.94707490708,🟢 BUY
2026-12-06,4785.351920177454,🔴 SELL
2026-12-07,4793.5178155460035,🟢 BUY
2026-12-08,4796.706115460868,🟢 BUY
2026-12-09,4789.346024611424,🔴 SELL
2026-12-10,4794.479516932497,🟢 BUY
2026-12-11,4795.680902423573,🟢 BUY
2026-12-12,4805.711560052199,🟢 BUY
2026-12-13,4803.91384073905,🔴 SELL
2026-12-14,4812.015322845233,🟢 BUY
2026-12-15,4815.268877221077,🟢 BUY
2026-12-16,4808.09331546534,🔴 SELL
2026-12-17,4813.518618318807,🟢 BUY
2026-12-18,4815.105841567962,🟢 BUY
2026-12-19,4825.6022089939415,🟢 BUY
2026-12-20,4824.335387196466,🔴 SELL
2026-12-21,4833.018115346729,🟢 BUY
2026-12-22,4836.888637600942,🟢 BUY
2026-12-23,4830.351702770808,🔴 SELL
2026-12-24,4836.424119623759,🟢 BUY
2026-12-25,4838.654957351996,🟢 BUY
2026-12-26,4849.780893816387,🟢 BUY
2026-12-27,4849.120700541383,🔴 SELL
2026-12-28,4858.380032877007,🟢 BUY
2026-12-29,4862.791969744847,🟢 BUY
2026-12-30,4856.758065645555,🔴 SELL
2026-12-31,4863.293902815121,🟢 BUY
2027-01-01,4865.9492340157285,🟢 BUY
2027-01-02,4877.463220910281,🟢 BUY
2027-01-03,4877.158760663435,🔴 SELL
2027-01-04,4886.747074070295,🟢 BUY
2027-01-05,4891.468005597308,🟢 BUY
2027-01-06,4885.730804901121,🔴 SELL
2027-01-07,4892.5593853363725,🟢 BUY
2027-01-08,4895.512158096748,🟢 BUY
2027-01-09,4907.336955417115,🟢 BUY
2027-01-10,4907.365044058752,🟢 BUY
2027-01-11,4917.315410838157,🟢 BUY
2027-01-12,4922.4347787070155,🟢 BUY
2027-01-13,4917.1381305307905,🔴 SELL
2027-01-14,4924.453742927179,🟢 BUY
2027-01-15,4927.942834758471,🟢 BUY
2027-01-16,4940.354348608356,🟢 BUY
2027-01-17,4941.018870204911,🟢 BUY
2027-01-18,4951.652870038575,🟢 BUY
2027-01-19,4957.4987268659515,🟢 BUY
2027-01-20,4952.965310103391,🔴 SELL
2027-01-21,4961.073122014427,🟢 BUY
2027-01-22,4965.374101558991,🟢 BUY
2027-01-23,4978.606604317778,🟢 BUY
2027-01-24,4980.089558450907,🟢 BUY
2027-01-25,4991.526974984396,🟢 BUY
2027-01-26,4998.148265362281,🟢 BUY
2027-01-27,4994.349135891562,🔴 SELL
2027-01-28,5003.137052170476,🟢 BUY
2027-01-29,5008.051367314916,🟢 BUY
2027-01-30,5021.818620303959,🟢 BUY
2027-01-31,5023.746996472238,🟢 BUY
2027-02-01,5035.531120865754,🟢 BUY
2027-02-02,5042.392630360312,🟢 BUY
2027-02-03,5038.721287837265,🔴 SELL
2027-02-04,5047.520626030576,🟢 BUY
2027-02-05,5052.328210366154,🟢 BUY
2027-02-06,5065.871023705307,🟢 BUY
2027-02-07,5067.459962769845,🟢 BUY
2027-02-08,5078.794615920064,🟢 BUY
2027-02-09,5085.103768360232,🟢 BUY
2027-02-10,5080.786399449413,🔴 SELL
2027-02-11,5088.857162280163,🟢 BUY
2027-02-12,5092.866438490806,🟢 BUY
2027-02-13,5105.555475869861,🟢 BUY
2027-02-14,5106.250604060824,🟢 BUY
2027-02-15,5116.6677043180125,🟢 BUY
2027-02-16,5122.052386262707,🟢 BUY
2027-02-17,5116.8206436239,🔴 SELL
2027-02-18,5124.003986691569,🟢 BUY
2027-02-19,5127.169152097364,🟢 BUY
2027-02-20,5139.07290503821,🟢 BUY
2027-02-21,5139.055936545778,🔴 SELL
2027-02-22,5148.84703862212,🟢 BUY
2027-02-23,5153.703016486081,🟢 BUY
2027-02-24,5148.049115500358,🔴 SELL
2027-02-25,5154.923965267403,🟢 BUY
2027-02-26,5157.899145347639,🟢 BUY
2027-02-27,5169.733890558807,🟢 BUY
2027-02-28,5169.7689402581545,🟢 BUY
2027-03-01,5179.730715155247,🟢 BUY
2027-03-02,5184.871280555484,🟢 BUY
2027-03-03,5179.608872209557,🔴 SELL
2027-03-04,5186.972984857464,🟢 BUY
2027-03-05,5190.524124582099,🟢 BUY
2027-03-06,5203.008738740079,🟢 BUY
2027-03-07,5203.753322929284,🟢 BUY
2027-03-08,5214.468882965278,🟢 BUY
2027-03-09,5220.391204685389,🟢 BUY
2027-03-10,5215.921701305287,🔴 SELL
2027-03-11,5224.072831739116,🟢 BUY
2027-03-12,5228.388184236904,🟢 BUY
2027-03-13,5241.597732404344,🟢 BUY
2027-03-14,5243.012256559117,🟢 BUY
2027-03-15,5254.328102218916,🟢 BUY
2027-03-16,5260.767722813177,🟢 BUY
2027-03-17,5256.720771176363,🔴 SELL
2027-03-18,5265.189728722997,🟢 BUY
2027-03-19,5269.710162883182,🟢 BUY
2027-03-20,5283.006116889311,🟢 BUY
2027-03-21,5284.38462273943,🟢 BUY
2027-03-22,5295.540507878293,🟢 BUY
2027-03-23,5301.6969423180035,🟢 BUY
2027-03-24,5297.246491262517,🔴 SELL
2027-03-25,5305.196663493635,🟢 BUY
2027-03-26,5309.090048264948,🟢 BUY
2027-03-27,5321.659547715122,🟢 BUY
2027-03-28,5322.222699230882,🟢 BUY
2027-03-29,5332.486262507024,🟢 BUY
2027-03-30,5337.686522741866,🟢 BUY
2027-03-31,5332.230080159379,🔴 SELL
2027-04-01,5339.139121546688,🟢 BUY
2027-04-02,5341.971272180046,🟢 BUY
2027-04-03,5353.474540860278,🟢 BUY
2027-04-04,5352.981358170749,🔴 SELL
2027-04-05,5362.212888251458,🟢 BUY
2027-04-06,5366.419070833362,🟢 BUY
2027-04-07,5360.019168690592,🔴 SELL
2027-04-08,5366.046820735991,🟢 BUY
2027-04-09,5368.069703157212,🟢 BUY
2027-04-10,5378.844314755952,🟢 BUY
2027-04-11,5377.709889400732,🔴 SELL
2027-04-12,5386.392617993675,🟢 BUY
2027-04-13,5390.145638075941,🟢 BUY
2027-04-14,5383.389566863138,🔴 SELL
2027-04-15,5389.157577814854,🟢 BUY
2027-04-16,5391.015122265921,🟢 BUY
2027-04-17,5401.7148106834875,🟢 BUY
2027-04-18,5400.5904541657455,🔴 SELL
2027-04-19,5409.361445638278,🟢 BUY
2027-04-20,5413.272935335088,🟢 BUY
2027-04-21,5406.736572293378,🔴 SELL
2027-04-22,5412.775807458109,🟢 BUY
2027-04-23,5414.945855055404,🟢 BUY
2027-04-24,5425.988821665114,🟢 BUY
2027-04-25,5425.227998307552,🔴 SELL
2027-04-26,5434.3724896363055,🟢 BUY
2027-04-27,5438.657629501965,🟢 BUY
2027-04-28,5432.485949441422,🔴 SELL
2027-04-29,5438.872690765468,🟢 BUY
2027-04-30,5441.365952333139,🟢 BUY
2027-05-01,5452.701979319303,🟢 BUY
2027-05-02,5452.199584702315,🔴 SELL
2027-05-03,5461.564874589162,🟢 BUY
2027-05-04,5466.031724351203,🟢 BUY
2027-05-05,5460.002770571378,🔴 SELL
2027-05-06,5466.494908702501,🟢 BUY
2027-05-07,5469.059388560314,🟢 BUY
2027-05-08,5480.437013812736,🟢 BUY
2027-05-09,5479.952438862796,🔴 SELL
2027-05-10,5489.318736707399,🟢 BUY
2027-05-11,5493.777687965999,🟢 BUY
2027-05-12,5487.740560002551,🔴 SELL
2027-05-13,5494.233370594331,🟢 BUY
2027-05-14,5496.816733370814,🟢 BUY
2027-05-15,5508.240796730946,🟢 BUY
2027-05-16,5507.839275519247,🔴 SELL
2027-05-17,5517.333755141449,🟢 BUY
2027-05-18,5521.973724499358,🟢 BUY
2027-05-19,5516.177112807463,🔴 SELL
2027-05-20,5522.975330701275,🟢 BUY
2027-05-21,5525.932918498971,🟢 BUY
2027-05-22,5537.802318512245,🟢 BUY
2027-05-23,5537.9177752980895,🟢 BUY
2027-05-24,5547.9995474501975,🟢 BUY
2027-05-25,5553.293890430503,🟢 BUY
2027-05-26,5548.213587737123,🔴 SELL
2027-05-27,5555.783032093677,🟢 BUY
2027-05-28,5559.557959785181,🟢 BUY
2027-05-29,5572.280354257249,🟢 BUY
2027-05-30,5573.272521040194,🟢 BUY
2027-05-31,5584.241514730521,🟢 BUY
2027-06-01,5590.419373666757,🟢 BUY
2027-06-02,5586.20393479792,🔴 SELL
2027-06-03,5594.604224782599,🟢 BUY
2027-06-04,5599.160524055291,🟢 BUY
2027-06-05,5612.599612973466,🟢 BUY
2027-06-06,5614.229194633868,🟢 BUY
2027-06-07,5625.742667306382,🟢 BUY
2027-06-08,5632.3596941978485,🟢 BUY
2027-06-09,5628.467335157,🔴 SELL
2027-06-10,5637.065728690517,🟢 BUY
2027-06-11,5641.6884137591205,🟢 BUY
2027-06-12,5655.057793776206,🟢 BUY
2027-06-13,5656.479731450566,🟢 BUY
2027-06-14,5667.648442372738,🟢 BUY
2027-06-15,5673.7871310438295,🟢 BUY
2027-06-16,5669.289131095781,🔴 SELL
2027-06-17,5677.163536454289,🟢 BUY
2027-06-18,5680.955412602862,🟢 BUY
2027-06-19,5693.401091405351,🟢 BUY
2027-06-20,5693.822540513067,🟢 BUY
2027-06-21,5703.931978965547,🟢 BUY
2027-06-22,5708.972187660113,🟢 BUY
2027-06-23,5703.357282594783,🔴 SELL
2027-06-24,5710.117944852294,🟢 BUY
2027-06-25,5712.821204617174,🟢 BUY
2027-06-26,5724.225291563424,🟢 BUY
2027-06-27,5723.673552076825,🔴 SELL
2027-06-28,5732.898614709048,🟢 BUY
2027-06-29,5737.162262458651,🟢 BUY
2027-06-30,5730.89578960915,🔴 SELL
2027-07-01,5737.144846595713,🟢 BUY
2027-07-02,5739.488879150076,🟢 BUY
2027-07-03,5750.695682257795,🟢 BUY
2027-07-04,5750.115076626613,🔴 SELL
2027-07-05,5759.482895154625,🟢 BUY
2027-07-06,5764.060742784542,🟢 BUY
2027-07-07,5758.276310835738,🔴 SELL
2027-07-08,5765.168251120956,🟢 BUY
2027-07-09,5768.305716342547,🟢 BUY
2027-07-10,5780.443085933208,🟢 BUY
2027-07-11,5780.913882066048,🟢 BUY
2027-07-12,5791.435058795742,🟢 BUY
2027-07-13,5797.2471217223765,🟢 BUY
2027-07-14,5792.754851931031,🔴 SELL
2027-07-15,5800.972630986362,🟢 BUY
2027-07-16,5805.444463946775,🟢 BUY
2027-07-17,5818.899209240602,🟢 BUY
2027-07-18,5820.645009247177,🟢 BUY
2027-07-19,5832.374093349982,🟢 BUY
2027-07-20,5839.303399603677,🟢 BUY
2027-07-21,5835.815777723314,🔴 SELL
2027-07-22,5844.905759593416,🟢 BUY
2027-07-23,5850.099984390859,🟢 BUY
2027-07-24,5864.112778238198,🟢 BUY
2027-07-25,5866.240874461875,🟢 BUY
2027-07-26,5878.168439796467,🟢 BUY
2027-07-27,5885.107847749279,🟢 BUY
2027-07-28,5881.440958523604,🔴 SELL
2027-07-29,5890.1648900881755,🟢 BUY
2027-07-30,5894.812367617707,🟢 BUY
2027-07-31,5908.107153092825,🟢 BUY
2027-08-01,5909.358544704615,🟢 BUY
2027-08-02,5920.266116591699,🟢 BUY
2027-08-03,5926.060146804908,🟢 BUY
2027-08-04,5921.142500914808,🔴 SELL
2027-08-05,5928.531965011576,🟢 BUY
2027-08-06,5931.784125411529,🟢 BUY
2027-08-07,5943.646307633886,🟢 BUY
2027-08-08,5943.451575497109,🔴 SELL
2027-08-09,5952.922972228043,🟢 BUY
2027-08-10,5957.313462733856,🟢 BUY
2027-08-11,5951.046355328885,🔴 SELL
2027-08-12,5957.1602069057935,🟢 BUY
2027-08-13,5959.228318226356,🟢 BUY
2027-08-14,5970.0133401579,🟢 BUY
2027-08-15,5968.860998675651,🔴 SELL
2027-08-16,5977.504126044559,🟢 BUY
2027-08-17,5981.20246127669,🟢 BUY
2027-08-18,5974.383000444085,🔴 SELL
2027-08-19,5980.084901423865,🟢 BUY
2027-08-20,5981.879048637755,🟢 BUY
2027-08-21,5992.522795840499,🟢 BUY
2027-08-22,5991.35389043106,🔴 SELL
2027-08-23,6000.094760901121,🟢 BUY
2027-08-24,6003.992623423073,🟢 BUY
2027-08-25,5997.46017995758,🔴 SELL
2027-08-26,6003.520903367826,🟢 BUY
2027-08-27,6005.729005359084,🟢 BUY
2027-08-28,6016.82459515182,🟢 BUY
2027-08-29,6016.128022072577,🔴 SELL
2027-08-30,6025.344573504428,🟢 BUY
2027-08-31,6029.704974398521,🟢 BUY
2027-09-01,6023.6064515417775,🔴 SELL
2027-09-02,6030.058349723056,🟢 BUY
2027-09-03,6032.602388313697,🟢 BUY
2027-09-04,6043.968060081595,🟢 BUY
2027-09-05,6043.467160687285,🔴 SELL
2027-09-06,6052.79861702283,🟢 BUY
2027-09-07,6057.189058832808,🟢 BUY
2027-09-08,6051.033896591134,🔴 SELL
2027-09-09,6057.342894077245,🟢 BUY
2027-09-10,6059.660326934063,🟢 BUY
2027-09-11,6070.720233161109,🟢 BUY
2027-09-12,6069.840749362558,🔴 SELL
2027-09-13,6078.728707355696,🟢 BUY
2027-09-14,6082.619942907083,🟢 BUY
2027-09-15,6075.920087569628,🔴 SELL
2027-09-16,6081.649840508284,🟢 BUY
2027-09-17,6083.364820247152,🟢 BUY
2027-09-18,6093.810510909956,🟢 BUY
2027-09-19,6092.316305122209,🔴 SELL
2027-09-20,6100.599826033763,🟢 BUY
2027-09-21,6103.9069873757235,🟢 BUY
2027-09-22,6096.652568776973,🔴 SELL
2027-09-23,6101.865308422488,🟢 BUY
2027-09-24,6103.107616993203,🟢 BUY
2027-09-25,6113.13043018091,🟢 BUY
2027-09-26,6111.267203323834,🔴 SELL
2027-09-27,6119.238230632489,🟢 BUY
2027-09-28,6122.290746581491,🟢 BUY
2027-09-29,6114.839584060056,🔴 SELL
2027-09-30,6119.912387528198,🟢 BUY
2027-10-01,6121.069480204216,🟢 BUY
2027-10-02,6131.058896739685,🟢 BUY
2027-10-03,6129.210578345956,🔴 SELL
2027-10-04,6137.240905716122,🟢 BUY
2027-10-05,6140.393019863586,🟢 BUY
2027-10-06,6133.07769790876,🔴 SELL
2027-10-07,6138.31877461863,🟢 BUY
2027-10-08,6139.673201622624,🟢 BUY
2027-10-09,6149.886249208823,🟢 BUY
2027-10-10,6148.285841857138,🔴 SELL
2027-10-11,6156.587197962818,🟢 BUY
2027-10-12,6160.0332200434605,🟢 BUY
2027-10-13,6153.03539981099,🔴 SELL
2027-10-14,6158.619227521541,🟢 BUY
2027-10-15,6160.344197438861,🟢 BUY
2027-10-16,6170.95891553798,🟢 BUY
2027-10-17,6169.795303108845,🔴 SELL
2027-10-18,6178.573070429485,🟢 BUY
2027-10-19,6182.539911628441,🟢 BUY
2027-10-20,6176.112190920298,🔴 SELL
2027-10-21,6182.320116242547,🟢 BUY
2027-10-22,6184.727499369722,🟢 BUY
2027-10-23,6196.086616291711,🟢 BUY
2027-10-24,6195.73216937624,🔴 SELL
2027-10-25,6205.3855333199035,🟢 BUY
2027-10-26,6210.29474358992,🟢 BUY
2027-10-27,6204.875004649186,🔴 SELL
2027-10-28,6212.153720419355,🟢 BUY
2027-10-29,6215.690151609469,🟢 BUY
2027-10-30,6228.230218206261,🟢 BUY
2027-10-31,6229.1004519715325,🟢 BUY
2027-11-01,6240.012282984225,🟢 BUY
2027-11-02,6246.202119596165,🟢 BUY
2027-11-03,6242.07199835827,🔴 SELL
2027-11-04,6250.634804234683,🟢 BUY
2027-11-05,6255.434162234341,🟢 BUY
2027-11-06,6269.19951397463,🟢 BUY
2027-11-07,6271.240378071224,🟢 BUY
2027-11-08,6283.25097141655,🟢 BUY
2027-11-09,6290.4506428917975,🟢 BUY
2027-11-10,6287.224887595423,🔴 SELL
2027-11-11,6296.570933000177,🟢 BUY
2027-11-12,6302.017989062704,🟢 BUY
2027-11-13,6316.28266673284,🟢 BUY
2027-11-14,6318.663554966775,🟢 BUY
2027-11-15,6330.846125026469,🟢 BUY
2027-11-16,6338.043406062318,🟢 BUY
2027-11-17,6334.637193448699,🔴 SELL
2027-11-18,6343.623775785668,🟢 BUY
2027-11-19,6348.5342683585095,🟢 BUY
2027-11-20,6362.090054654621,🟢 BUY
2027-11-21,6363.597324663085,🟢 BUY
2027-11-22,6374.751878874417,🟢 BUY
2027-11-23,6380.779643632748,🟢 BUY
2027-11-24,6376.077662452061,🔴 SELL
2027-11-25,6383.659553767206,🟢 BUY
2027-11-26,6387.075528774327,🟢 BUY
2027-11-27,6399.067477986997,🟢 BUY
2027-11-28,6398.963123250137,🔴 SELL
2027-11-29,6408.480412937094,🟢 BUY
2027-11-30,6412.867615361621,🟢 BUY
2027-12-01,6406.543884732901,🔴 SELL
2027-12-02,6412.544299934258,🟢 BUY
2027-12-03,6414.439479438168,🟢 BUY
2027-12-04,6424.99029024787,🟢 BUY
2027-12-05,6423.54165624537,🔴 SELL
2027-12-06,6431.826651468486,🟢 BUY
2027-12-07,6435.106340110283,🟢 BUY
2027-12-08,6427.810143129315,🔴 SELL
2027-12-09,6432.98073597314,🟢 BUY
2027-12-10,6434.193583510849,🟢 BUY
2027-12-11,6444.211631343109,🟢 BUY
2027-12-12,6442.379158618661,🔴 SELL
2027-12-13,6450.425976111422,🟢 BUY
2027-12-14,6453.607428118052,🟢 BUY
2027-12-15,6446.344973454029,🔴 SELL
2027-12-16,6451.67134418769,🟢 BUY
2027-12-17,6453.1503812457495,🟢 BUY
2027-12-18,6463.532058180964,🟢 BUY
2027-12-19,6462.146689640419,🔴 SELL
2027-12-20,6470.709499207579,🟢 BUY
2027-12-21,6474.460995838755,🟢 BUY
2027-12-22,6467.807924812616,🔴 SELL
2027-12-23,6473.768782688833,🟢 BUY
2027-12-24,6475.893986712463,🟢 BUY
2027-12-25,6486.921201920452,🟢 BUY
2027-12-26,6486.169815315899,🔴 SELL
2027-12-27,6495.3457256464335,🟢 BUY
2027-12-28,6499.681893054217,🟢 BUY
2027-12-29,6493.57941086243,🔴 SELL
2027-12-30,6500.053086721562,🟢 BUY
2027-12-31,6502.651622706913,🟢 BUY
2028-01-01,6514.112898214388,🟢 BUY
2028-01-02,6513.758347019591,🔴 SELL
2028-01-03,6523.297600380973,🟢 BUY
2028-01-04,6527.968845046604,🟢 BUY
2028-01-05,6522.17966414073,🔴 SELL
2028-01-06,6528.952354827967,🟢 BUY
2028-01-07,6531.843819804718,🟢 BUY
2028-01-08,6543.600544509458,🟢 BUY
2028-01-09,6543.552659835836,🔴 SELL
2028-01-10,6553.418270804415,🟢 BUY
2028-01-11,6558.443508562332,🟢 BUY
2028-01-12,6553.043081913835,🔴 SELL
2028-01-13,6560.245330015193,🟢 BUY
2028-01-14,6563.611880333439,🟢 BUY
2028-01-15,6575.89242994996,🟢 BUY
2028-01-16,6576.418655169761,🟢 BUY
2028-01-17,6586.908433931758,🟢 BUY
2028-01-18,6592.605841197315,🟢 BUY
2028-01-19,6587.921695032406,🔴 SELL
2028-01-20,6595.878655205687,🟢 BUY
2028-01-21,6600.030977269702,🟢 BUY
2028-01-22,6613.119437791739,🟢 BUY
2028-01-23,6614.465432066596,🟢 BUY
2028-01-24,6625.775424064149,🟢 BUY
2028-01-25,6632.281203057879,🟢 BUY
2028-01-26,6628.3807180808335,🔴 SELL
2028-01-27,6637.0834847929455,🟢 BUY
2028-01-28,6641.930660004856,🟢 BUY
2028-01-29,6655.650291512373,🟢 BUY
2028-01-30,6657.551736472665,🟢 BUY
2028-01-31,6669.330420084843,🟢 BUY
2028-02-01,6676.208381337796,🟢 BUY
2028-02-02,6672.575369782225,🔴 SELL
2028-02-03,6681.434481386791,🟢 BUY
2028-02-04,6686.322423020417,🟢 BUY
2028-02-05,6699.964908464579,🟢 BUY
2028-02-06,6701.671175498396,🟢 BUY
2028-02-07,6713.138793273817,🟢 BUY
2028-02-08,6719.59420539452,🟢 BUY
2028-02-09,6715.43377252573,🔴 SELL
2028-02-10,6723.66930367916,🟢 BUY
2028-02-11,6727.848167977364,🟢 BUY
2028-02-12,6740.708493180457,🟢 BUY
2028-02-13,6741.573444923876,🟢 BUY
2028-02-14,6752.155761206717,🟢 BUY
2028-02-15,6757.6979936499165,🟢 BUY
2028-02-16,6752.613226092566,🔴 SELL
2028-02-17,6759.9302668847695,🟢 BUY
2028-02-18,6763.213414198607,🟢 BUY
2028-02-19,6775.217308284728,🟢 BUY
2028-02-20,6775.280872219703,🟢 BUY
2028-02-21,6785.131523059261,🟢 BUY
2028-02-22,6790.025111907537,🟢 BUY
2028-02-23,6784.386369922451,🔴 SELL
2028-02-24,6791.253862390578,🟢 BUY
2028-02-25,6794.1995551694035,🟢 BUY
2028-02-26,6805.983511501137,🟢 BUY
2028-02-27,6805.947723841283,🔴 SELL
2028-02-28,6815.820264680062,🟢 BUY
2028-02-29,6820.8552158633265,🟢 BUY
2028-03-01,6815.473153355427,🔴 SELL
2028-03-02,6822.706188441829,🟢 BUY
2028-03-03,6826.1176675155975,🟢 BUY
2028-03-04,6838.45704534116,🟢 BUY
2028-03-05,6839.053932451099,🟢 BUY
2028-03-06,6849.622495889601,🟢 BUY
2028-03-07,6855.401667380053,🟢 BUY
2028-03-08,6850.795929891928,🔴 SELL
2028-03-09,6858.820677233482,🟢 BUY
2028-03-10,6863.022242180197,🟢 BUY
2028-03-11,6876.133101278448,🟢 BUY
2028-03-12,6877.46625024988,🟢 BUY
2028-03-13,6888.719922642772,🟢 BUY
2028-03-14,6895.118099536978,🟢 BUY
2028-03-15,6891.051575427448,🔴 SELL
2028-03-16,6899.52356959641,🟢 BUY
2028-03-17,6904.069973801049,🟢 BUY
2028-03-18,6917.414740450503,🟢 BUY
2028-03-19,6918.86440201822,🟢 BUY
2028-03-20,6930.112891992346,🟢 BUY
2028-03-21,6936.3821136964425,🟢 BUY
2028-03-22,6932.063021514403,🔴 SELL
2028-03-23,6940.161204118702,🟢 BUY
2028-03-24,6944.21706167666,🟢 BUY
2028-03-25,6956.961083178454,🟢 BUY
2028-03-26,6957.708217371549,🟢 BUY
2028-03-27,6968.162511045038,🟢 BUY
2028-03-28,6973.5574650605995,🟢 BUY
2028-03-29,6968.296877261937,🔴 SELL
2028-03-30,6975.400166895687,🟢 BUY
2028-03-31,6978.422277884095,🟢 BUY
2028-04-01,6990.108672680923,🟢 BUY
2028-04-02,6989.789415894795,🔴 SELL
2028-04-03,6999.183527123282,🟢 BUY
2028-04-04,7003.539058984548,🟢 BUY
2028-04-05,6997.273674853999,🔴 SELL
2028-04-06,7003.419725998957,🟢 BUY
2028-04-07,7005.5439301037095,🟢 BUY
2028-04-08,7016.40216707609,🟢 BUY
2028-04-09,7015.333394912786,🔴 SELL
2028-04-10,7024.063868030326,🟢 BUY
2028-04-11,7027.8471163316835,🟢 BUY
2028-04-12,7021.104461080606,🔴 SELL
2028-04-13,7026.870068098336,🟢 BUY
2028-04-14,7028.7106403425105,🟢 BUY
2028-04-15,7039.380265075427,🟢 BUY
2028-04-16,7038.214416980164,🔴 SELL
2028-04-17,7046.9342975069985,🟢 BUY
2028-04-18,7050.786965933328,🟢 BUY
2028-04-19,7044.186034813564,🔴 SELL
2028-04-20,7050.156926396067,🟢 BUY
2028-04-21,7052.256787661924,🟢 BUY
2028-04-22,7063.229574406231,🟢 BUY
2028-04-23,7062.400300643543,🔴 SELL
2028-04-24,7071.4796283513715,🟢 BUY
2028-04-25,7075.704247676787,🟢 BUY
2028-04-26,7069.477814940261,🔴 SELL
2028-04-27,7075.816439792153,🟢 BUY
2028-04-28,7078.268814181385,🟢 BUY
2028-04-29,7089.571488888871,🟢 BUY
2028-04-30,7089.043289663151,🔴 SELL
2028-05-01,7098.39004424242,🟢 BUY
2028-05-02,7102.8450672532035,🟢 BUY
2028-05-03,7096.810167851622,🔴 SELL
2028-05-04,7103.301169719838,🟢 BUY
2028-05-05,7105.868035105894,🟢 BUY
2028-05-06,7117.250098490709,🟢 BUY
2028-05-07,7116.770402569666,🔴 SELL
2028-05-08,7126.140309300927,🟢 BUY
2028-05-09,7130.599835279963,🟢 BUY
2028-05-10,7124.5584793424005,🔴 SELL
2028-05-11,7131.0405357612935,🟢 BUY
2028-05-12,7133.6049891300545,🟢 BUY
2028-05-13,7145.000501487149,🟢 BUY
2028-05-14,7144.559489814759,🔴 SELL
2028-05-15,7154.002472473531,🟢 BUY
2028-05-16,7158.578139889265,🟢 BUY
2028-05-17,7152.7039235699895,🔴 SELL
2028-05-18,7159.411062982847,🟢 BUY
2028-05-19,7162.2642723970375,🟢 BUY
2028-05-20,7174.016523979294,🟢 BUY
2028-05-21,7174.002950586568,🔴 SELL
2028-05-22,7183.945051584577,🟢 BUY
2028-05-23,7189.090661109942,🟢 BUY
2028-05-24,7183.854456183244,🔴 SELL
2028-05-25,7191.263006665489,🟢 BUY
2028-05-26,7194.874470684825,🟢 BUY
2028-05-27,7207.433452339823,🟢 BUY
2028-05-28,7208.265024607608,🟢 BUY
2028-05-29,7219.079099217493,🟢 BUY
2028-05-30,7225.110600297875,🟢 BUY
2028-05-31,7220.760215584613,🔴 SELL
2028-06-01,7229.039722611905,🟢 BUY
2028-06-02,7233.491988068416,🟢 BUY
2028-06-03,7246.846150910763,🟢 BUY
2028-06-04,7248.411985299969,🟢 BUY
2028-06-05,7259.884617751712,🟢 BUY
2028-06-06,7266.485047585939,🟢 BUY
2028-06-07,7262.601236558362,🔴 SELL
2028-06-08,7271.233757181185,🟢 BUY
2028-06-09,7275.916090176135,🟢 BUY
2028-06-10,7289.370074267271,🟢 BUY
2028-06-11,7290.900497527898,🟢 BUY
2028-06-12,7302.199998524385,🟢 BUY
2028-06-13,7308.489721055672,🟢 BUY
2028-06-14,7304.160484086669,🔴 SELL
2028-06-15,7312.218453223424,🟢 BUY
2028-06-16,7316.20540223615,🟢 BUY
2028-06-17,7328.854067195638,🟢 BUY
2028-06-18,7329.482583134038,🟢 BUY
2028-06-19,7339.799173521225,🟢 BUY
2028-06-20,7345.042539737825,🟢 BUY
2028-06-21,7339.622716810035,🔴 SELL
2028-06-22,7346.566387624535,🟢 BUY
2028-06-23,7349.436751093637,🟢 BUY
2028-06-24,7360.988454755221,🟢 BUY
2028-06-25,7360.561590429237,🔴 SELL
2028-06-26,7369.885932539117,🟢 BUY
2028-06-27,7374.220875999944,🟢 BUY
2028-06-28,7367.99584984645,🔴 SELL
2028-06-29,7374.255208689739,🟢 BUY
2028-06-30,7376.577707078315,🟢 BUY
2028-07-01,7387.731076362892,🟢 BUY
2028-07-02,7387.065711092927,🔴 SELL
2028-07-03,7396.318652046338,🟢 BUY
2028-07-04,7400.753329187341,🟢 BUY
2028-07-05,7394.7998458549755,🔴 SELL
2028-07-06,7401.499810000656,🟢 BUY
2028-07-07,7404.42581977427,🟢 BUY
2028-07-08,7416.33612370532,🟢 BUY
2028-07-09,7416.568461541448,🟢 BUY
2028-07-10,7426.844270270332,🟢 BUY
2028-07-11,7432.4087144741225,🟢 BUY
2028-07-12,7427.671316681381,🔴 SELL
2028-07-13,7435.651186518579,🟢 BUY
2028-07-14,7439.896947714298,🟢 BUY
2028-07-15,7453.141873903811,🟢 BUY
2028-07-16,7454.6982291512295,🟢 BUY
2028-07-17,7466.261986950061,🟢 BUY
2028-07-18,7473.053375711403,🟢 BUY
2028-07-19,7469.458015144078,🔴 SELL
2028-07-20,7478.472631208756,🟢 BUY
2028-07-21,7483.625437977603,🟢 BUY
2028-07-22,7497.631687276507,🟢 BUY
2028-07-23,7499.788372844248,🟢 BUY
2028-07-24,7511.779254692912,🟢 BUY
2028-07-25,7518.815644901528,🟢 BUY
2028-07-26,7515.277713932378,🔴 SELL
2028-07-27,7524.160301428345,🟢 BUY
2028-07-28,7528.993317782489,🟢 BUY
2028-07-29,7542.497237050717,🟢 BUY
2028-07-30,7543.977669380782,🟢 BUY
2028-07-31,7555.130181794225,🟢 BUY
2028-08-01,7561.180813345808,🟢 BUY
2028-08-02,7556.527050070674,🔴 SELL
2028-08-03,7564.1832513771415,🟢 BUY
2028-08-04,7567.700623071629,🟢 BUY
2028-08-05,7579.822247465653,🟢 BUY
2028-08-06,7579.87716936582,🟢 BUY
2028-08-07,7589.584717905016,🟢 BUY
2028-08-08,7594.1945215897085,🟢 BUY
2028-08-09,7588.126993281587,🔴 SELL
2028-08-10,7594.418287767575,🟢 BUY
2028-08-11,7596.639837527035,🟢 BUY
2028-08-12,7607.552986748873,🟢 BUY
2028-08-13,7606.502730955312,🔴 SELL
2028-08-14,7615.221749500955,🟢 BUY
2028-08-15,7618.970194217861,🟢 BUY
2028-08-16,7612.176015274214,🔴 SELL
2028-08-17,7617.879829608282,🟢 BUY
2028-08-18,7619.654438561045,🟢 BUY
2028-08-19,7630.259514069429,🟢 BUY
2028-08-20,7629.035458414002,🔴 SELL
2028-08-21,7637.707620827027,🟢 BUY
2028-08-22,7641.526328782287,🟢 BUY
2028-08-23,7634.907508247338,🔴 SELL
2028-08-24,7640.877890317465,🟢 BUY
2028-08-25,7642.994901965986,🟢 BUY
2028-08-26,7654.001750669631,🟢 BUY
2028-08-27,7653.2216978333145,🔴 SELL
2028-08-28,7662.362694041816,🟢 BUY
2028-08-29,7666.657823733585,🟢 BUY
2028-08-30,7660.50632366029,🔴 SELL
2028-08-31,7666.919163190626,🟢 BUY
2028-09-01,7669.439275617975,🟢 BUY
2028-09-02,7680.796942650544,🟢 BUY
2028-09-03,7680.304320600926,🔴 SELL
2028-09-04,7689.660276217687,🟢 BUY
2028-09-05,7694.090976102079,🟢 BUY
2028-09-06,7687.99099192778,🔴 SELL
2028-09-07,7694.368908915557,🟢 BUY
2028-09-08,7696.767527647391,🟢 BUY
2028-09-09,7707.919163805922,🟢 BUY
2028-09-10,7707.140038159914,🔴 SELL
2028-09-11,7716.13492981423,🟢 BUY
2028-09-12,7720.137542860788,🟢 BUY
2028-09-13,7713.551355774452,🔴 SELL
2028-09-14,7719.394948858599,🟢 BUY
2028-09-15,7721.221908179234,🟢 BUY
2028-09-16,7731.7758191954545,🟢 BUY
2028-09-17,7730.384351055478,🔴 SELL
2028-09-18,7738.763613014753,🟢 BUY
2028-09-19,7742.158241109928,🟢 BUY
2028-09-20,7734.981991774883,🔴 SELL
2028-09-21,7740.262844195129,🟢 BUY
2028-09-22,7741.562715312444,🟢 BUY
2028-09-23,7751.632305001267,🟢 BUY
2028-09-24,7749.805075436508,🔴 SELL
2028-09-25,7757.801547825892,🟢 BUY
2028-09-26,7760.8693749932045,🟢 BUY
2028-09-27,7753.423965493799,🔴 SELL
2028-09-28,7758.49365874271,🟢 BUY
2028-09-29,7759.63955152214,🟢 BUY
2028-09-30,7769.610488732133,🟢 BUY
2028-10-01,7767.737216781618,🔴 SELL
2028-10-02,7775.736876379253,🟢 BUY
2028-10-03,7778.853286201354,🟢 BUY
2028-10-04,7771.497785725005,🔴 SELL
2028-10-05,7776.694629151214,🟢 BUY
2028-10-06,7778.001023291738,🟢 BUY
2028-10-07,7788.162315076178,🟢 BUY
2028-10-08,7786.506320367643,🔴 SELL
2028-10-09,7794.7479648359495,🟢 BUY
2028-10-10,7798.129683230941,🟢 BUY
2028-10-11,7791.062341238488,🔴 SELL
2028-10-12,7796.570668890301,🟢 BUY
2028-10-13,7798.213296689506,🟢 BUY
2028-10-14,7808.737899692225,🟢 BUY
2028-10-15,7807.475442130232,🔴 SELL
2028-10-16,7816.1446955113515,🟢 BUY
2028-10-17,7819.992479961472,🟢 BUY
2028-10-18,7813.434397551036,🔴 SELL
2028-10-19,7819.500052149987,🟢 BUY
2028-10-20,7821.752853401646,🟢 BUY
2028-10-21,7832.944917158704,🟢 BUY
2028-10-22,7832.4110625416215,🔴 SELL
2028-10-23,7841.873086387452,🟢 BUY
2028-10-24,7846.5797727153695,🟢 BUY
2028-10-25,7840.947413618499,🔴 SELL
2028-10-26,7848.004843373279,🟢 BUY
2028-10-27,7851.31308997266,🟢 BUY
2028-10-28,7863.620162213438,🟢 BUY
2028-10-29,7864.254977282153,🟢 BUY
2028-10-30,7874.931613240445,🟢 BUY
2028-10-31,7880.889346400766,🟢 BUY
2028-11-01,7876.5332510154185,🔴 SELL
2028-11-02,7884.879362686258,🟢 BUY
2028-11-03,7889.47450791234,🟢 BUY
2028-11-04,7903.051314741984,🟢 BUY
2028-11-05,7904.922405003922,🟢 BUY
2028-11-06,7916.784946847071,🟢 BUY
2028-11-07,7923.861020845217,🟢 BUY
2028-11-08,7920.5385694599945,🔴 SELL
2028-11-09,7929.816922938311,🟢 BUY
2028-11-10,7935.226995242522,🟢 BUY
2028-11-11,7949.486655902481,🟢 BUY
2028-11-12,7951.895269164396,🟢 BUY
2028-11-13,7964.138570284483,🟢 BUY
2028-11-14,7971.42932379513,🟢 BUY
2028-11-15,7968.148525785817,🔴 SELL
2028-11-16,7977.2911364103875,🟢 BUY
2028-11-17,7982.38643042607,🟢 BUY
2028-11-18,7996.153467091851,🟢 BUY
2028-11-19,7997.895667598251,🟢 BUY
2028-11-20,8009.305668124589,🟢 BUY
2028-11-21,8015.605893105914,🟢 BUY
2028-11-22,8011.189612028706,🔴 SELL
2028-11-23,8019.066468742528,🟢 BUY
2028-11-24,8022.782575305328,🟢 BUY
2028-11-25,8035.075677238779,🟢 BUY
2028-11-26,8035.269385116582,🟢 BUY
2028-11-27,8045.0776483688705,🟢 BUY
2028-11-28,8049.744924514778,🟢 BUY
2028-11-29,8043.686816400511,🔴 SELL
2028-11-30,8049.935176084735,🟢 BUY
2028-12-01,8052.0577771988155,🟢 BUY
2028-12-02,8062.813072377115,🟢 BUY
2028-12-03,8061.54404006488,🔴 SELL
2028-12-04,8069.982305402346,🟢 BUY
2028-12-05,8073.387996423296,🟢 BUY
2028-12-06,8066.190115183027,🔴 SELL
2028-12-07,8071.431428331796,🟢 BUY
2028-12-08,8072.687983529121,🟢 BUY
2028-12-09,8082.723771443887,🟢 BUY
2028-12-10,8080.884539306753,🔴 SELL
2028-12-11,8088.90194084481,🟢 BUY
2028-12-12,8092.033482444502,🟢 BUY
2028-12-13,8084.7030422833395,🔴 SELL
2028-12-14,8089.945962670649,🟢 BUY
2028-12-15,8091.328816428676,🟢 BUY
2028-12-16,8101.6043603563185,🟢 BUY
2028-12-17,8100.105674074164,🔴 SELL
2028-12-18,8108.550660648449,🟢 BUY
2028-12-19,8112.182359860186,🟢 BUY
2028-12-20,8105.409841563023,🔴 SELL
2028-12-21,8111.253669993399,🟢 BUY
2028-12-22,8113.266030645061,🟢 BUY
2028-12-23,8124.186023920777,🟢 BUY
2028-12-24,8123.334115640488,🔴 SELL
2028-12-25,8132.416913397983,🟢 BUY
2028-12-26,8136.667713221619,🟢 BUY
2028-12-27,8130.487578721382,🔴 SELL
2028-12-28,8136.89093959819,🟢 BUY
2028-12-29,8139.425798503891,🟢 BUY
2028-12-30,8150.829049260207,🟢 BUY
2028-12-31,8150.420896748942,🔴 SELL
2029-01-01,8159.909549117161,🟢 BUY
2029-01-02,8164.531629768928,🟢 BUY
2029-01-03,8158.693075617043,🔴 SELL
2029-01-04,8165.414513915515,🟢 BUY
2029-01-05,8168.251213111161,🟢 BUY
2029-01-06,8179.948118002683,🟢 BUY
2029-01-07,8179.833967436837,🔴 SELL
2029-01-08,8189.625673531191,🟢 BUY
2029-01-09,8194.568418451665,🟢 BUY
2029-01-10,8189.076243765137,🔴 SELL
2029-01-11,8196.177133005283,🟢 BUY
2029-01-12,8199.432690767284,🟢 BUY
2029-01-13,8211.592935858502,🟢 BUY
2029-01-14,8211.990213154184,🟢 BUY
2029-01-15,8222.343408590648,🟢 BUY
2029-01-16,8227.897927658158,🟢 BUY
2029-01-17,8223.066215536634,🔴 SELL
2029-01-18,8230.872821352808,🟢 BUY
2029-01-19,8234.874110395227,🟢 BUY
2029-01-20,8247.813141009683,🟢 BUY
2029-01-21,8249.013708725284,🟢 BUY
2029-01-22,8260.184738710068,🟢 BUY
2029-01-23,8266.560482443887,🟢 BUY
2029-01-24,8262.541291254141,🔴 SELL
2029-01-25,8271.138962818924,🟢 BUY
2029-01-26,8275.8967573856,🟢 BUY
2029-01-27,8289.544592808892,🟢 BUY
2029-01-28,8291.393412999529,🟢 BUY
2029-01-29,8303.139902785415,🟢 BUY
2029-01-30,8310.006997035509,🟢 BUY
2029-01-31,8306.384948914772,🔴 SELL
2029-02-01,8315.276946044518,🟢 BUY
2029-02-02,8320.219364610954,🟢 BUY
2029-02-03,8333.937164603758,🟢 BUY
2029-02-04,8335.738415776796,🟢 BUY
2029-02-05,8347.31912336963,🟢 BUY
2029-02-06,8353.903798603551,🟢 BUY
2029-02-07,8349.886537168306,🔴 SELL
2029-02-08,8358.276594039082,🟢 BUY
2029-02-09,8362.61854544897,🟢 BUY
2029-02-10,8375.647543171965,🟢 BUY
2029-02-11,8376.683653815178,🟢 BUY
2029-02-12,8387.436456318339,🟢 BUY
2029-02-13,8393.145347778478,🟢 BUY
2029-02-14,8388.220326739713,🔴 SELL
2029-02-15,8395.687248884065,🟢 BUY
2029-02-16,8399.107653060748,🟢 BUY
2029-02-17,8411.233670266258,🟢 BUY
2029-02-18,8411.402015903745,🟢 BUY
2029-02-19,8421.338246144054,🟢 BUY
2029-02-20,8426.296735953452,🟢 BUY
2029-02-21,8420.701155029477,🔴 SELL
2029-02-22,8427.589443181283,🟢 BUY
2029-02-23,8430.533389048072,🟢 BUY
2029-02-24,8442.293329954304,🟢 BUY
2029-02-25,8442.211977539984,🔴 SELL
2029-02-26,8452.018553337399,🟢 BUY
2029-02-27,8456.968694184843,🟢 BUY
2029-02-28,8451.484904983688,🔴 SELL
2029-03-01,8458.60156052544,🟢 BUY
2029-03-02,8461.88455940829,🟢 BUY
2029-03-03,8474.086145938045,🟢 BUY
2029-03-04,8474.538901772987,🟢 BUY
2029-03-05,8484.960087707415,🟢 BUY
2029-03-06,8490.591790904033,🟢 BUY
2029-03-07,8485.841649807264,🔴 SELL
2029-03-08,8493.728152618776,🟢 BUY
2029-03-09,8497.800606071842,🟢 BUY
2029-03-10,8510.794283817124,🟢 BUY
2029-03-11,8512.024749442284,🟢 BUY
2029-03-12,8523.192527770623,🟢 BUY
2029-03-13,8529.52357312799,🟢 BUY
2029-03-14,8525.410300452855,🔴 SELL
2029-03-15,8533.857169164907,🟢 BUY
2029-03-16,8538.400911068444,🟢 BUY
2029-03-17,8551.765906753513,🟢 BUY
2029-03-18,8553.25870136522,🟢 BUY
2029-03-19,8564.572830004672,🟢 BUY
2029-03-20,8570.929398894654,🟢 BUY
2029-03-21,8566.718186491455,🔴 SELL
2029-03-22,8574.943253645357,🟢 BUY
2029-03-23,8579.14315415689,🟢 BUY
2029-03-24,8592.046251127624,🟢 BUY
2029-03-25,8592.965131744557,🟢 BUY
2029-03-26,8603.601293313981,🟢 BUY
2029-03-27,8609.185549950062,🟢 BUY
2029-03-28,8604.11892801594,🔴 SELL
2029-03-29,8611.418043893484,🟢 BUY
2029-03-30,8614.635060363424,🟢 BUY
2029-03-31,8626.51273228689,🟢 BUY
2029-04-01,8626.378539770549,🔴 SELL
2029-04-02,8635.949087312885,🟢 BUY
2029-04-03,8640.470224047067,🟢 BUY
2029-04-04,8634.357658805933,🔴 SELL
2029-04-05,8640.64206902402,🟢 BUY
2029-04-06,8642.888804906124,🟢 BUY
2029-04-07,8653.852704316121,🟢 BUY
2029-04-08,8652.872020857994,🔴 SELL
2029-04-09,8661.67264738789,🟢 BUY
2029-04-10,8665.508093198758,🟢 BUY
2029-04-11,8658.799991060534,🔴 SELL
2029-04-12,8664.583134877761,🟢 BUY
2029-04-13,8666.425150403331,🟢 BUY
2029-04-14,8677.081314718107,🟢 BUY
2029-04-15,8675.888526451425,🔴 SELL
2029-04-16,8684.569607743833,🟢 BUY
2029-04-17,8688.373394242357,🟢 BUY
2029-04-18,8681.715386685024,🔴 SELL
2029-04-19,8687.622961587731,🟢 BUY
2029-04-20,8689.655239663149,🟢 BUY
2029-04-21,8700.558123385597,🟢 BUY
2029-04-22,8699.65850097759,🔴 SELL
2029-04-23,8708.668792806002,🟢 BUY
2029-04-24,8712.827291247992,🟢 BUY
2029-04-25,8706.539062238124,🔴 SELL
2029-04-26,8712.821400653509,🟢 BUY
2029-04-27,8715.223932904566,🟢 BUY
2029-04-28,8726.483873084559,🟢 BUY
2029-04-29,8725.9204251936,🔴 SELL
2029-04-30,8735.239503066754,🟢 BUY
2029-05-01,8739.674215199844,🟢 BUY
2029-05-02,8733.625879393881,🔴 SELL
2029-05-03,8740.109556733694,🟢 BUY
2029-05-04,8742.674196340122,🟢 BUY
2029-05-05,8754.057896080263,🟢 BUY
2029-05-06,8753.582271380737,🔴 SELL
2029-05-07,8762.95710421777,🟢 BUY
2029-05-08,8767.420720742393,🟢 BUY
2029-05-09,8761.380864532706,🔴 SELL
2029-05-10,8767.86005783809,🟢 BUY
2029-05-11,8770.415545833388,🟢 BUY
2029-05-12,8781.794333316482,🟢 BUY
2029-05-13,8781.327310831713,🔴 SELL
2029-05-14,8790.733647629899,🟢 BUY
2029-05-15,8795.26090565227,🟢 BUY
2029-05-16,8789.325647537025,🔴 SELL
2029-05-17,8795.95853717146,🟢 BUY
2029-05-18,8798.724033987528,🟢 BUY
2029-05-19,8810.375196498582,🟢 BUY
2029-05-20,8810.247597874351,🔴 SELL
2029-05-21,8820.063536393793,🟢 BUY
2029-05-22,8825.07199987801,🟢 BUY
2029-05-23,8819.689161380258,🔴 SELL
2029-05-24,8826.94340818781,🟢 BUY
2029-05-25,8830.395008020712,🟢 BUY
2029-05-26,8842.790929687551,🟢 BUY
2029-05-27,8843.458821769771,🟢 BUY
2029-05-28,8854.111331918994,🟢 BUY
2029-05-29,8859.986224564425,🟢 BUY
2029-05-30,8855.487071955882,🔴 SELL
2029-05-31,8863.628517225932,🟢 BUY
2029-06-01,8867.956209016082,🟢 BUY
2029-06-02,8881.20191969274,🟢 BUY
2029-06-03,8882.67784469181,🟢 BUY
2029-06-04,8894.081258863464,🟢 BUY
2029-06-05,8900.63498035706,🟢 BUY
2029-06-06,8896.728409322404,🔴 SELL
2029-06-07,8905.363132234419,🟢 BUY
2029-06-08,8910.07318345815,🟢 BUY
2029-06-09,8923.580468279082,🟢 BUY
2029-06-10,8925.189337447522,🟢 BUY
2029-06-11,8936.591482107775,🟢 BUY
2029-06-12,8943.006593312728,🟢 BUY
2029-06-13,8938.8235478838,🔴 SELL
2029-06-14,8947.046106876722,🟢 BUY
2029-06-15,8951.213214818563,🟢 BUY
2029-06-16,8964.054401690835,🟢 BUY
2029-06-17,8964.884276736644,🟢 BUY
2029-06-18,8975.407283321785,🟢 BUY
2029-06-19,8980.858160761558,🟢 BUY
2029-06-20,8975.642877925686,🔴 SELL
2029-06-21,8982.784029233391,🟢 BUY
2029-06-22,8985.840786783278,🟢 BUY
2029-06-23,8997.563917295327,🟢 BUY
2029-06-24,8997.289860637418,🔴 SELL
2029-06-25,9006.745047695998,🟢 BUY
2029-06-26,9011.185912686447,🟢 BUY
2029-06-27,9005.039374355265,🔴 SELL
2029-06-28,9011.347786568032,🟢 BUY
2029-06-29,9013.688461929316,🟢 BUY
2029-06-30,9024.828286804437,🟢 BUY
2029-07-01,9024.117433774285,🔴 SELL
2029-07-02,9033.29335788569,🟢 BUY
2029-07-03,9037.620539532796,🟢 BUY
2029-07-04,9031.530755105656,🔴 SELL
2029-07-05,9038.067881359759,🟢 BUY
2029-07-06,9040.80734124276,🟢 BUY
2029-07-07,9052.510712157225,🟢 BUY
2029-07-08,9052.519503736165,🟢 BUY
2029-07-09,9062.559290933019,🟢 BUY
2029-07-10,9067.879663085894,🟢 BUY
2029-07-11,9062.894766333762,🔴 SELL
2029-07-12,9070.628440063734,🟢 BUY
2029-07-13,9074.634048442087,🟢 BUY
2029-07-14,9087.649520052955,🟢 BUY
2029-07-15,9088.99159366785,🟢 BUY
2029-07-16,9100.360445993185,🟢 BUY
2029-07-17,9106.98015142354,🟢 BUY
2029-07-18,9103.239740108153,🔴 SELL
2029-07-19,9112.138843755365,🟢 BUY
2029-07-20,9117.208019047574,🟢 BUY
2029-07-21,9131.164250846059,🟢 BUY
2029-07-22,9133.305622952012,🟢 BUY
2029-07-23,9145.316322845098,🟢 BUY
2029-07-24,9152.407422055097,🟢 BUY
2029-07-25,9148.958191355287,🔴 SELL
2029-07-26,9157.961934508403,🟢 BUY
2029-07-27,9162.946426306495,🟢 BUY
2029-07-28,9176.629454615735,🟢 BUY
2029-07-29,9178.313453450912,🟢 BUY
2029-07-30,9189.690394504487,🟢 BUY
2029-07-31,9195.982381514868,🟢 BUY
2029-08-01,9191.582711054489,🔴 SELL
2029-08-02,9199.501389419434,🟢 BUY
2029-08-03,9203.285198732934,🟢 BUY
2029-08-04,9215.672820588989,🟢 BUY
2029-08-05,9215.989013915096,🟢 BUY
2029-08-06,9225.94902494282,🟢 BUY
2029-08-07,9230.798684693515,🟢 BUY
2029-08-08,9224.954968878032,🔴 SELL
2029-08-09,9231.4510212368,🟢 BUY
2029-08-10,9233.85574453079,🟢 BUY
2029-08-11,9244.928478099933,🟢 BUY
2029-08-12,9244.012768497327,🔴 SELL
2029-08-13,9252.840419925564,🟢 BUY
2029-08-14,9256.67128752115,🟢 BUY
2029-08-15,9249.93359464968,🔴 SELL
2029-08-16,9255.668779983613,🟢 BUY
2029-08-17,9257.450981698978,🟢 BUY
2029-08-18,9268.041679147025,🟢 BUY
2029-08-19,9266.783498244084,🔴 SELL
2029-08-20,9275.40436535557,🟢 BUY
2029-08-21,9279.15746914817,🟢 BUY
2029-08-22,9272.461806482615,🔴 SELL
2029-08-23,9278.347311650901,🟢 BUY
2029-08-24,9280.374668621345,🟢 BUY
2029-08-25,9291.290317975145,🟢 BUY
2029-08-26,9290.420655329905,🔴 SELL
2029-08-27,9299.47659604929,🟢 BUY
2029-08-28,9303.693955462548,🟢 BUY
2029-08-29,9297.474410402147,🔴 SELL
2029-08-30,9303.83103134594,🟢 BUY
2029-08-31,9306.308475304724,🟢 BUY
2029-09-01,9317.638342347156,🟢 BUY
2029-09-02,9317.133684710376,🔴 SELL
2029-09-03,9326.4938365801,🟢 BUY
2029-09-04,9330.945008336083,🟢 BUY
2029-09-05,9324.881407052924,🔴 SELL
2029-09-06,9331.310870015137,🟢 BUY
2029-09-07,9333.775100395549,🟢 BUY
2029-09-08,9345.00500853384,🟢 BUY
2029-09-09,9344.315149806827,🔴 SELL
2029-09-10,9353.408430639189,🟢 BUY
2029-09-11,9357.516531221892,🟢 BUY
2029-09-12,9351.040812658117,🔴 SELL
2029-09-13,9356.99770220758,🟢 BUY
2029-09-14,9358.938653469499,🟢 BUY
2029-09-15,9369.605193191932,🟢 BUY
2029-09-16,9368.323054276476,🔴 SELL
2029-09-17,9376.806575191371,🟢 BUY
2029-09-18,9380.29882287283,🟢 BUY
2029-09-19,9373.212214962914,🔴 SELL
2029-09-20,9378.57364257978,🟢 BUY
2029-09-21,9379.944197181776,🟢 BUY
2029-09-22,9390.074018955114,🟢 BUY
2029-09-23,9388.296270908855,🔴 SELL
2029-09-24,9396.331422264451,🟢 BUY
2029-09-25,9399.42730027423,🟢 BUY
2029-09-26,9391.999687011474,🔴 SELL
2029-09-27,9397.077461659468,🟢 BUY
2029-09-28,9398.222389867067,🟢 BUY
2029-09-29,9408.184074352253,🟢 BUY
2029-09-30,9406.29406654583,🔴 SELL
2029-10-01,9414.270317465485,🟢 BUY
2029-10-02,9417.357420721408,🟢 BUY
2029-10-03,9409.967417316151,🔴 SELL
2029-10-04,9415.125155449172,🟢 BUY
2029-10-05,9416.388299356551,🟢 BUY
2029-10-06,9426.502493838616,🟢 BUY
2029-10-07,9424.795676967626,🔴 SELL
2029-10-08,9432.982712313471,🟢 BUY
2029-10-09,9436.30578738551,🟢 BUY
2029-10-10,9429.175342584687,🔴 SELL
2029-10-11,9434.615519500047,🟢 BUY
2029-10-12,9436.184219329614,🟢 BUY
2029-10-13,9446.628276048772,🟢 BUY
2029-10-14,9445.27773607574,🔴 SELL
2029-10-15,9453.850416340709,🟢 BUY
2029-10-16,9457.592189325971,🟢 BUY
2029-10-17,9450.917762491357,🔴 SELL
2029-10-18,9456.855945205461,🟢 BUY
2029-10-19,9458.969499295792,🟢 BUY
2029-10-20,9470.010084071795,🟢 BUY
2029-10-21,9469.312294522888,🔴 SELL
2029-10-22,9478.597972075044,🟢 BUY
2029-10-23,9483.116244261342,🟢 BUY
2029-10-24,9477.284068596931,🔴 SELL
2029-10-25,9484.13128151558,🟢 BUY
2029-10-26,9487.22025585355,🟢 BUY
2029-10-27,9499.300684527643,🟢 BUY
2029-10-28,9499.703495121139,🟢 BUY
2029-10-29,9510.145079811005,🟢 BUY
2029-10-30,9515.867300924798,🟢 BUY
2029-10-31,9511.278050108624,🔴 SELL
2029-11-01,9519.396363319982,🟢 BUY
2029-11-02,9523.772195099367,🟢 BUY
2029-11-03,9537.141368327977,🟢 BUY
2029-11-04,9538.819701360359,🟢 BUY
2029-11-05,9550.507492813584,🟢 BUY
2029-11-06,9557.429818918881,🟢 BUY
2029-11-07,9553.977414933168,🔴 SELL
2029-11-08,9563.152135401975,🟢 BUY
2029-11-09,9568.48708855172,🟢 BUY
2029-11-10,9582.701952301179,🟢 BUY
2029-11-11,9585.097464746159,🟢 BUY
2029-11-12,9597.360260282152,🟢 BUY
2029-11-13,9604.703497312505,🟢 BUY
2029-11-14,9601.508040476581,🔴 SELL
2029-11-15,9610.768184247934,🟢 BUY
2029-11-16,9616.01200607631,🟢 BUY
2029-11-17,9629.956850486522,🟢 BUY
2029-11-18,9631.903932105157,🟢 BUY
2029-11-19,9643.543225227684,🟢 BUY
2029-11-20,9650.094083752101,🟢 BUY
2029-11-21,9645.946353788095,🔴 SELL
2029-11-22,9654.105966689103,🟢 BUY
2029-11-23,9658.115103086198,🟢 BUY
2029-11-24,9670.707433197585,🟢 BUY
2029-11-25,9671.202426611093,🟢 BUY
2029-11-26,9681.309905616828,🟢 BUY
2029-11-27,9686.270293461048,🟢 BUY
2029-11-28,9680.495328269151,🔴 SELL
2029-11-29,9687.013239507205,🟢 BUY
2029-11-30,9689.388487138855,🟢 BUY
2029-12-01,9700.376578545625,🟢 BUY
2029-12-02,9699.317966172403,🔴 SELL
2029-12-03,9707.942209465935,🟢 BUY
2029-12-04,9711.50786145646,🟢 BUY
2029-12-05,9704.44285897357,🔴 SELL
2029-12-06,9709.789420667796,🟢 BUY
2029-12-07,9711.123559174597,🟢 BUY
2029-12-08,9721.209727394991,🟢 BUY
2029-12-09,9719.394605367255,🔴 SELL
2029-12-10,9727.411213333971,🟢 BUY
2029-12-11,9730.518811869246,🟢 BUY
2029-12-12,9723.143367043045,🔴 SELL
2029-12-13,9728.322582284494,🟢 BUY
2029-12-14,9729.625599346002,🟢 BUY
2029-12-15,9739.807883087331,🟢 BUY
2029-12-16,9738.205290121243,🔴 SELL
2029-12-17,9746.538499480166,🟢 BUY
2029-12-18,9750.053257907857,🟢 BUY
2029-12-19,9743.161208888898,🔴 SELL
2029-12-20,9748.885297838362,🟢 BUY
2029-12-21,9750.779846473702,🟢 BUY
2029-12-22,9761.585801808424,🟢 BUY
2029-12-23,9760.625150859902,🔴 SELL
2029-12-24,9769.605670839748,🟢 BUY
2029-12-25,9773.761459803587,🟢 BUY
2029-12-26,9767.494010197895,🔴 SELL
2029-12-27,9773.817812164783,🟢 BUY
2029-12-28,9776.280575311213,🟢 BUY
2029-12-29,9787.618571410349,🟢 BUY
2029-12-30,9787.151087565526,🔴 SELL
2029-12-31,9796.585159478846,🟢 BUY
2030-01-01,9801.156031102122,🟢 BUY
2030-01-02,9795.26810578982,🔴 SELL
2030-01-03,9801.940379797375,🟢 BUY
2030-01-04,9804.726452000632,🟢 BUY
2030-01-05,9816.36961851855,🟢 BUY
2030-01-06,9816.197048859272,🔴 SELL
2030-01-07,9825.924221008961,🟢 BUY
2030-01-08,9830.795069999589,🟢 BUY
2030-01-09,9825.222623600313,🔴 SELL
2030-01-10,9832.234124545372,🟢 BUY
2030-01-11,9835.39074156967,🟢 BUY
2030-01-12,9847.4423859403,🟢 BUY
2030-01-13,9847.721637520395,🟢 BUY
2030-01-14,9857.947964424591,🟢 BUY
2030-01-15,9863.367696502955,🟢 BUY
2030-01-16,9858.39453091989,🔴 SELL
2030-01-17,9866.054572674628,🟢 BUY
2030-01-18,9869.906014500479,🟢 BUY
2030-01-19,9882.693973683181,🟢 BUY
2030-01-20,9883.744489360452,🟢 BUY
2030-01-21,9894.76886258207,🟢 BUY
2030-01-22,9901.00379633498,🟢 BUY
2030-01-23,9896.852109600452,🔴 SELL
2030-01-24,9905.328023035752,🟢 BUY
2030-01-25,9909.977114547326,🟢 BUY
2030-01-26,9923.531455370217,🟢 BUY
2030-01-27,9925.303922711671,🟢 BUY
2030-01-28,9936.992863346013,🟢 BUY
2030-01-29,9943.822557283733,🟢 BUY
2030-01-30,9940.184247510988,🔴 SELL
2030-01-31,9949.081725531136,🟢 BUY
2030-02-01,9954.051563516585,🟢 BUY
2030-02-02,9967.818496808304,🟢 BUY
2030-02-03,9969.689946689163,🟢 BUY
2030-02-04,9981.360852576623,🟢 BUY
2030-02-05,9988.054258526507,🟢 BUY
2030-02-06,9984.162416918329,🔴 SELL
2030-02-07,9992.6923971025,🟢 BUY
2030-02-08,9997.186289076419,🟢 BUY
2030-02-09,10010.376506406861,🟢 BUY
2030-02-10,10011.580180004465,🟢 BUY
2030-02-11,10022.503814725798,🟢 BUY
2030-02-12,10028.383657599576,🟢 BUY
2030-02-13,10023.62654542764,🔴 SELL
2030-02-14,10031.255225271587,🟢 BUY
2030-02-15,10034.828244335678,🟢 BUY
2030-02-16,10047.094920461734,🟢 BUY
2030-02-17,10047.389392229019,🟢 BUY
2030-02-18,10057.434928237933,🟢 BUY
2030-02-19,10062.48395201629,🟢 BUY
2030-02-20,10056.95855780578,🔴 SELL
2030-02-21,10063.895517943074,🟢 BUY
2030-02-22,10066.86588508558,🟢 BUY
2030-02-23,10078.629706627184,🟢 BUY
2030-02-24,10078.529855686986,🔴 SELL
2030-02-25,10088.296162787145,🟢 BUY
2030-02-26,10093.185308254839,🟢 BUY
2030-02-27,10087.621253191735,🔴 SELL
2030-02-28,10094.640211257685,🟢 BUY
2030-03-01,10097.81026497753,🟢 BUY
2030-03-02,10109.88614330628,🟢 BUY
2030-03-03,10110.203163184517,🟢 BUY
2030-03-04,10120.481516559099,🟢 BUY
2030-03-05,10125.966359343633,🟢 BUY
2030-03-06,10121.068475773087,🔴 SELL
2030-03-07,10128.809515287128,🟢 BUY
2030-03-08,10132.741899936682,🟢 BUY
2030-03-09,10145.603912862392,🟢 BUY
2030-03-10,10146.71396405609,🟢 BUY
2030-03-11,10157.775208168601,🟢 BUY
2030-03-12,10164.015964078248,🟢 BUY
2030-03-13,10159.830703008627,🔴 SELL
2030-03-14,10168.225595894915,🟢 BUY
2030-03-15,10172.738711917875,🟢 BUY
2030-03-16,10186.095373157466,🟢 BUY
2030-03-17,10187.602656566087,🟢 BUY
2030-03-18,10198.954213690504,🟢 BUY
2030-03-19,10205.3708542773,🟢 BUY
2030-03-20,10201.241657783237,🔴 SELL
2030-03-21,10209.56960157822,🟢 BUY
2030-03-22,10213.89179672649,🟢 BUY
2030-03-23,10226.934836148466,🟢 BUY
2030-03-24,10228.009247085301,🟢 BUY
2030-03-25,10238.814219860089,🟢 BUY
2030-03-26,10244.578061431816,🟢 BUY
2030-03-27,10239.699140862667,🔴 SELL
2030-03-28,10247.191319249538,🟢 BUY
2030-03-29,10250.603959348202,🟢 BUY
2030-03-30,10262.677024521236,🟢 BUY
2030-03-31,10262.735264145056,🟢 BUY
2030-04-01,10272.492662960069,🟢 BUY
2030-04-02,10277.192608518042,🟢 BUY
2030-04-03,10271.248549560583,🔴 SELL
2030-04-04,10277.689143538106,🟢 BUY
2030-04-05,10280.077993993404,🟢 BUY
2030-04-06,10291.168492671026,🟢 BUY
2030-04-07,10290.297768354747,🔴 SELL
2030-04-08,10299.190924333096,🟢 BUY
2030-04-09,10303.101022531924,🟢 BUY
2030-04-10,10296.44959043339,🔴 SELL
2030-04-11,10302.271651619521,🟢 BUY
2030-04-12,10304.135382592644,🟢 BUY
2030-04-13,10314.796911928937,🟢 BUY
2030-04-14,10313.594264212556,🔴 SELL
2030-04-15,10322.251630341,🟢 BUY
2030-04-16,10326.019421186096,🟢 BUY
2030-04-17,10319.314878954256,🔴 SELL
2030-04-18,10325.16724462229,🟢 BUY
2030-04-19,10327.137581002173,🟢 BUY
2030-04-20,10337.973763815808,🟢 BUY
2030-04-21,10337.00463904579,🔴 SELL
2030-04-22,10345.944523545837,🟢 BUY
2030-04-23,10350.033500952017,🟢 BUY
2030-04-24,10343.678282052679,🔴 SELL
2030-04-25,10349.897622667493,🟢 BUY
2030-04-26,10352.242393225202,🟢 BUY
2030-04-27,10363.450807126177,🟢 BUY
2030-04-28,10362.842801034163,🔴 SELL
2030-04-29,10372.124739236951,🟢 BUY
2030-04-30,10376.529889649126,🟢 BUY
2030-05-01,10370.45943661725,🔴 SELL
2030-05-02,10376.928020135829,🟢 BUY
2030-05-03,10379.483892854369,🟢 BUY
2030-05-04,10390.864199849035,🟢 BUY
2030-05-05,10390.38937294183,🔴 SELL
2030-05-06,10399.76781113374,🟢 BUY
2030-05-07,10404.236294964683,🟢 BUY
2030-05-08,10398.200901020635,🔴 SELL
2030-05-09,10404.682408068076,🟢 BUY
2030-05-10,10407.236288854012,🟢 BUY
2030-05-11,10418.607795947362,🟢 BUY
2030-05-12,10418.126137492047,🔴 SELL
2030-05-13,10427.50891913704,🟢 BUY
2030-05-14,10432.002305177628,🟢 BUY
2030-05-15,10426.021670769722,🔴 SELL
2030-05-16,10432.59674264609,🟢 BUY
2030-05-17,10435.291328505127,🟢 BUY
2030-05-18,10446.858149634832,🟢 BUY
2030-05-19,10446.632778748417,🔴 SELL
2030-05-20,10456.337865186564,🟢 BUY
2030-05-21,10461.223106058178,🟢 BUY
2030-05-22,10455.705740236745,🔴 SELL
2030-05-23,10462.815567089294,🟢 BUY
2030-05-24,10466.114593836934,🟢 BUY
2030-05-25,10478.351829016054,🟢 BUY
2030-05-26,10478.857226016982,🟢 BUY
2030-05-27,10489.345959881168,🟢 BUY
2030-05-28,10495.05849593381,🟢 BUY
2030-05-29,10490.40122612705,🔴 SELL
2030-05-30,10498.391672879303,🟢 BUY
2030-05-31,10502.578361189264,🟢 BUY
2030-06-01,10515.695872390153,🟢 BUY
2030-06-02,10517.059078501556,🟢 BUY
2030-06-03,10528.367734516749,🟢 BUY
2030-06-04,10534.846880647716,🟢 BUY
2030-06-05,10530.887823267785,🔴 SELL
2030-06-06,10539.493686771431,🟢 BUY
2030-06-07,10544.199629294202,🟢 BUY
2030-06-08,10557.728227725922,🟢 BUY
2030-06-09,10559.384023125518,🟢 BUY
2030-06-10,10570.85839629029,🟢 BUY
2030-06-11,10577.37021836205,🟢 BUY
2030-06-12,10573.307038690136,🔴 SELL
2030-06-13,10581.670796434099,🟢 BUY
2030-06-14,10585.99814404738,🟢 BUY
2030-06-15,10599.015884339333,🟢 BUY
2030-06-16,10600.035509664674,🟢 BUY
2030-06-17,10610.758011696904,🟢 BUY
2030-06-18,10616.414406691558,🟢 BUY
2030-06-19,10611.406739832115,🔴 SELL
2030-06-20,10618.75355786127,🟢 BUY
2030-06-21,10622.009942171138,🟢 BUY
2030-06-22,10633.922609330824,🟢 BUY
2030-06-23,10633.824074033028,🔴 SELL
2030-06-24,10643.437050376877,🟢 BUY
2030-06-25,10648.0145447294,🟢 BUY
2030-06-26,10641.980412797144,🔴 SELL
2030-06-27,10648.374379655379,🟢 BUY
2030-06-28,10650.771624751176,🟢 BUY
2030-06-29,10661.937448775692,🟢 BUY
2030-06-30,10661.221027154525,🔴 SELL
2030-07-01,10670.359435460774,🟢 BUY
2030-07-02,10674.617408780741,🟢 BUY
2030-07-03,10668.427615637545,🔴 SELL
2030-07-04,10674.835452185862,🟢 BUY
2030-07-05,10677.418464473305,🟢 BUY
2030-07-06,10688.940920109402,🟢 BUY
2030-07-07,10688.747537078078,🔴 SELL
2030-07-08,10698.567556441049,🟢 BUY
2030-07-09,10703.6546208044,🟢 BUY
2030-07-10,10698.427237380838,🔴 SELL
2030-07-11,10705.913827992412,🟢 BUY
2030-07-12,10709.67246890599,🟢 BUY
2030-07-13,10722.445835498567,🟢 BUY
2030-07-14,10723.555351836967,🟢 BUY
2030-07-15,10734.705723122219,🟢 BUY
2030-07-16,10741.125303122215,🟢 BUY
2030-07-17,10737.207064940016,🔴 SELL
2030-07-18,10745.954166478865,🟢 BUY
2030-07-19,10750.900202263632,🟢 BUY
2030-07-20,10764.76464539256,🟢 BUY
2030-07-21,10766.847468751257,🟢 BUY
2030-07-22,10778.83411301244,🟢 BUY
2030-07-23,10785.936243889411,🟢 BUY
2030-07-24,10782.533058335317,🔴 SELL
2030-07-25,10791.617123600157,🟢 BUY
2030-07-26,10796.71483474033,🟢 BUY
2030-07-27,10810.541989822179,🟢 BUY
2030-07-28,10812.398469059968,🟢 BUY
2030-07-29,10823.973184234648,🟢 BUY
2030-07-30,10830.484741429327,🟢 BUY
2030-07-31,10826.322579075586,🔴 SELL
2030-08-01,10834.492569206297,🟢 BUY
2030-08-02,10838.537173083478,🟢 BUY
2030-08-03,10851.190657473086,🟢 BUY
2030-08-04,10851.773366129652,🟢 BUY
2030-08-05,10861.996222252543,🟢 BUY
2030-08-06,10867.10091523366,🟢 BUY
2030-08-07,10861.500544597953,🔴 SELL
2030-08-08,10868.224720302342,🟢 BUY
2030-08-09,10870.839221924485,🟢 BUY
2030-08-10,10882.100734198782,🟢 BUY
2030-08-11,10881.350664203605,🔴 SELL
2030-08-12,10890.319226003843,🟢 BUY
2030-08-13,10894.26525517453,🟢 BUY
2030-08-14,10887.616534063287,🔴 SELL
2030-08-15,10893.414633579092,🟢 BUY
2030-08-16,10895.23437917561,🟢 BUY
2030-08-17,10905.838462024301,🟢 BUY
2030-08-18,10904.571202546405,🔴 SELL
2030-08-19,10913.16265226826,🟢 BUY
2030-08-20,10916.868494892597,🟢 BUY
2030-08-21,10910.110524268752,🔴 SELL
2030-08-22,10915.921700326891,🟢 BUY
2030-08-23,10917.865884505822,🟢 BUY
2030-08-24,10928.692768279961,🟢 BUY
2030-08-25,10927.73199351158,🔴 SELL
2030-08-26,10936.697641316534,🟢 BUY
2030-08-27,10940.828540468035,🟢 BUY
2030-08-28,10934.529162814806,🔴 SELL
2030-08-29,10940.81509649409,🟢 BUY
2030-08-30,10943.233188365508,🟢 BUY
2030-08-31,10954.516859602762,🟢 BUY
2030-09-01,10953.980584173729,🔴 SELL
2030-09-02,10963.324698795439,🟢 BUY
2030-09-03,10967.77598837374,🟢 BUY
2030-09-04,10961.728808642236,🔴 SELL
2030-09-05,10968.190732400217,🟢 BUY
2030-09-06,10970.702807870359,🟢 BUY
2030-09-07,10981.994931735457,🟢 BUY
2030-09-08,10981.380326747318,🔴 SELL
2030-09-09,10990.560294168861,🟢 BUY
2030-09-10,10994.764688178286,🟢 BUY
2030-09-11,10988.392878406652,🔴 SELL
2030-09-12,10994.459192665177,🟢 BUY
2030-09-13,10996.512935066856,🟢 BUY
2030-09-14,11007.2934896183,🟢 BUY
2030-09-15,11006.124507307482,🔴 SELL
2030-09-16,11014.718355466373,🟢 BUY
2030-09-17,11018.316285202378,🟢 BUY
2030-09-18,11011.329091642894,🔴 SELL
2030-09-19,11016.78226729466,🟢 BUY
2030-09-20,11018.235751417884,🟢 BUY
2030-09-21,11028.438792431361,🟢 BUY
2030-09-22,11026.723927375235,🔴 SELL
2030-09-23,11034.8112621195,🟢 BUY
2030-09-24,11037.948511805273,🟢 BUY
2030-09-25,11030.551578652736,🔴 SELL
2030-09-26,11035.649668473465,🟢 BUY
2030-09-27,11036.805048458307,🟢 BUY
2030-09-28,11046.767961587455,🟢 BUY
2030-09-29,11044.870698747452,🔴 SELL
2030-09-30,11052.832008124515,🟢 BUY
2030-10-01,11055.897296201183,🟢 BUY
2030-10-02,11048.479391448753,🔴 SELL
2030-10-03,11053.603865316712,🟢 BUY
2030-10-04,11054.829005860976,🟢 BUY
2030-10-05,11064.900951856367,🟢 BUY
2030-10-06,11063.147980924618,🔴 SELL
2030-10-07,11071.28512387021,🟢 BUY
2030-10-08,11074.554552566906,🟢 BUY
2030-10-09,11067.366506104307,🔴 SELL
2030-10-10,11072.744744201647,🟢 BUY
2030-10-11,11074.24661859416,🟢 BUY
2030-10-12,11084.618266693467,🟢 BUY
2030-10-13,11083.188918712136,🔴 SELL
2030-10-14,11091.675489376106,🟢 BUY
2030-10-15,11095.322901808206,🟢 BUY
2030-10-16,11088.544909839413,🔴 SELL
2030-10-17,11094.369410569278,🟢 BUY
2030-10-18,11096.358341885072,🟢 BUY
2030-10-19,11107.262674325995,🟢 BUY
2030-10-20,11106.4164945042,🔴 SELL
2030-10-21,11115.54135799623,🟢 BUY
2030-10-22,11119.88636665359,🟢 BUY
2030-10-23,11113.868744319792,🔴 SELL
2030-10-24,11120.518910650924,🟢 BUY
2030-10-25,11123.400155541975,🟢 BUY
2030-10-26,11135.26343102963,🟢 BUY
2030-10-27,11135.441264840623,🟢 BUY
2030-10-28,11145.651979723989,🟢 BUY
2030-10-29,11151.1396788218,🟢 BUY
2030-10-30,11146.314775291175,🔴 SELL
2030-10-31,11154.199068885422,🟢 BUY
2030-11-01,11158.345473694131,🟢 BUY
2030-11-02,11171.492914230854,🟢 BUY
2030-11-03,11172.960392949477,🟢 BUY
2030-11-04,11184.451410845275,🟢 BUY
2030-11-05,11191.19419756738,🟢 BUY
2030-11-06,11187.5825241694,🔴 SELL
2030-11-07,11196.621094984492,🟢 BUY
2030-11-08,11201.845615619186,🟢 BUY
2030-11-09,11215.978046248914,🟢 BUY
2030-11-10,11218.321034693688,🟢 BUY
2030-11-11,11230.562701951987,🟢 BUY
2030-11-12,11237.917227501413,🟢 BUY
2030-11-13,11234.765998472647,🔴 SELL
2030-11-14,11244.103310498305,🟢 BUY
2030-11-15,11249.456709114724,🟢 BUY
2030-11-16,11263.542473566573,🟢 BUY
2030-11-17,11265.660231142221,🟢 BUY
2030-11-18,11277.497869523271,🟢 BUY
2030-11-19,11284.272190560241,🟢 BUY
2030-11-20,11280.370067094307,🔴 SELL
2030-11-21,11288.794089623956,🟢 BUY
2030-11-22,11293.082792210198,🟢 BUY
2030-11-23,11305.965961502074,🟢 BUY
2030-11-24,11306.759020514644,🟢 BUY
2030-11-25,11317.167659537732,🟢 BUY
2030-11-26,11322.428163756555,🟢 BUY
2030-11-27,11316.948206495454,🔴 SELL
2030-11-28,11323.752103117698,🟢 BUY
2030-11-29,11326.400623946969,🟢 BUY
2030-11-30,11337.64587957874,🟢 BUY
2030-12-01,11336.82527997625,🔴 SELL
2030-12-02,11345.665749524613,🟢 BUY
2030-12-03,11349.42365720584,🟢 BUY
2030-12-04,11342.52523993474,🔴 SELL
2030-12-05,11348.011522535504,🟢 BUY
2030-12-06,11349.457840280567,🟢 BUY
2030-12-07,11359.628483835264,🟢 BUY
2030-12-08,11357.870473240338,🔴 SELL
2030-12-09,11365.917646976128,🟢 BUY
2030-12-10,11369.030527682571,🟢 BUY
2030-12-11,11361.636743471847,🔴 SELL
2030-12-12,11366.776007680619,🟢 BUY
2030-12-13,11368.019760842162,🟢 BUY
2030-12-14,11378.1259911345,🟢 BUY
2030-12-15,11376.433235000535,🔴 SELL
2030-12-16,11384.66493783004,🟢 BUY
2030-12-17,11388.069629068876,🟢 BUY
2030-12-18,11381.06168261623,🔴 SELL
2030-12-19,11386.666656622376,🟢 BUY
2030-12-20,11388.441307299578,🟢 BUY
2030-12-21,11399.12878363599,🟢 BUY
2030-12-22,11398.052995380396,🔴 SELL
2030-12-23,11406.923325135522,🟢 BUY
2030-12-24,11410.975130373834,🟢 BUY
2030-12-25,11404.61079840027,🔴 SELL
2030-12-26,11410.845341444807,🟢 BUY
2030-12-27,11413.226620644493,🟢 BUY
2030-12-28,11424.490701166276,🟢 BUY
2030-12-29,11423.956327524302,🔴 SELL
2030-12-30,11433.329688010257,🟢 BUY
2030-12-31,11437.844913565206,🟢 BUY
2031-01-01,11431.905075063994,🔴 SELL
2031-01-02,11438.527668538703,🟢 BUY
2031-01-03,11441.264680766553,🟢 BUY
2031-01-04,11452.85774235956,🟢 BUY
2031-01-05,11452.632363376766,🔴 SELL
2031-01-06,11462.302427265833,🟢 BUY
2031-01-07,11467.110396086442,🟢 BUY
2031-01-08,11461.467999145016,🔴 SELL
2031-01-09,11468.40140304554,🟢 BUY
2031-01-10,11471.470964161865,🟢 BUY
2031-01-11,11483.426079127421,🟢 BUY
2031-01-12,11483.599136486484,🟢 BUY
2031-01-13,11493.709752895496,🟢 BUY
2031-01-14,11499.00475367725,🟢 BUY
2031-01-15,11493.898675806731,🔴 SELL
2031-01-16,11501.418796236776,🟢 BUY
2031-01-17,11505.124790308017,🟢 BUY
2031-01-18,11517.763538327845,🟢 BUY
2031-01-19,11518.663084645412,🟢 BUY
2031-01-20,11529.5369324681,🟢 BUY
2031-01-21,11535.6241327645,🟢 BUY
2031-01-22,11531.329942607254,🔴 SELL
2031-01-23,11539.671051946196,🟢 BUY
2031-01-24,11544.195478554026,🟢 BUY
2031-01-25,11557.637643273662,🟢 BUY
2031-01-26,11559.312623141746,🟢 BUY
2031-01-27,11570.920758256261,🟢 BUY
2031-01-28,11577.68806292055,🟢 BUY
2031-01-29,11574.007208363179,🔴 SELL
2031-01-30,11582.883067932378,🟢 BUY
2031-01-31,11587.852916575339,🟢 BUY
2031-02-01,11601.641789155023,🟢 BUY
2031-02-02,11603.556988139773,🟢 BUY
2031-02-03,11615.292910201959,🟢 BUY
2031-02-04,11622.071636780642,🟢 BUY
2031-02-05,11618.284051414414,🔴 SELL
2031-02-06,11626.935471333727,🟢 BUY
2031-02-07,11631.565882872957,🟢 BUY
2031-02-08,11644.905284209326,🟢 BUY
2031-02-09,11646.268126139694,🟢 BUY
2031-02-10,11657.358021814118,🟢 BUY
2031-02-11,11663.408173030231,🟢 BUY
2031-02-12,11658.822279539065,🔴 SELL
2031-02-13,11666.619923498281,🟢 BUY
2031-02-14,11670.356524163933,🟢 BUY
2031-02-15,11682.778372607272,🟢 BUY
2031-02-16,11683.216744042167,🟢 BUY
2031-02-17,11693.392265988598,🟢 BUY
2031-02-18,11698.554997441632,🟢 BUY
2031-02-19,11693.124993145633,🔴 SELL
2031-02-20,11700.137352666632,🟢 BUY
2031-02-21,11703.16185664889,🟢 BUY
2031-02-22,11714.957706911384,🟢 BUY
2031-02-23,11714.867374265548,🔴 SELL
2031-02-24,11724.620737865058,🟢 BUY
2031-02-25,11729.474976017478,🟢 BUY
2031-02-26,11723.854986395898,🔴 SELL
2031-02-27,11730.798338187224,🟢 BUY
2031-02-28,11733.874860361258,🟢 BUY
2031-03-01,11745.84138344451,🟢 BUY
2031-03-02,11746.035638334937,🟢 BUY
2031-03-03,11756.180494574257,🟢 BUY
2031-03-04,11761.523995607524,🟢 BUY
2031-03-05,11756.47996563036,🔴 SELL
2031-03-06,11764.0731863685,🟢 BUY
2031-03-07,11767.859243032393,🟢 BUY
